{
    "data": 0.38322612927203564,
    "social": 0.22191112736467783,
    "big": 0.17599848032370996,
    "medium": 0.14156399504298411,
    "open": 0.02904098466170319,
    "badge": 0.02733269144630889,
    "adopt": 0.020926591888580242
}